T√≠tulo,Descri√ß√£o,Link,Fonte,Data de publica√ß√£o,Palavra-chave,O artigo trata de infla√ß√£o?,√â um artigo positiva para a economia (infla√ß√£o em queda)?,O artigo trata de infla√ß√£o de alimentos?,√â um artigo positiva para a infla√ß√£o dos alimentos (infla√ß√£o em queda)?
"Homem morre e outro fica ferido ap√≥s tentarem fugir e entrarem e confronto com policiais em Gurupi, diz PM","   <img src=""https://s2-g1.glbimg.com/7wohoWSZ87XTesmvj8VWf6bE6vw=/i.s3.glbimg.com/v1/AUTH_59edd422c0c84a879bd37670ae4f538a/internal_photos/bs/2024/D/B/Q7HNqSQyKgSwQLz7ug4w/carropngpng.png"" /><br />     Troca de tiros aconteceu na madrugada desta quinta-feira (27), em uma das sa√≠das da cidade. Ferido foi levado para o hospital regional. Homem morre durante confronto com a pol√≠cia em Gurupi
Um homem morreu e outro ficou ferido ap√≥s trocarem tiros com policiais militares em Gurupi, na regi√£o sul do estado. O confronto aconteceu em uma das sa√≠das da cidade na madrugada desta quinta-feira (27). 
üì± Participe do canal do g1 TO no WhatsApp e receba as not√≠cias no celular.
De acordo com a Pol√≠cia Militar (PM), uma caminhonete trafegava pelas ruas de Gurupi com os far√≥is apagados entre a noite de quarta-feira (26) e a madrugada desta quinta. O ve√≠culo parou em frente a uma casa no setor S√£o Jos√© e foram disparados tiros de dentro da caminhonete.
Tr√™s moradores do Jardim Tocantins, que fica pr√≥ximo ao local dos tiros, acionaram a PM pelo 190 informando a presen√ßa da caminhonete suspeita.
Em uma das sa√≠das da cidade, que d√° acesso ao munic√≠pio de Peixe, os militares encontraram com a caminhonete e deram ordem de parada, que n√£o foi obedecida. Uma viatura passou a perseguir o ve√≠culo e os ocupantes passaram a atirar em dire√ß√£o √† pol√≠cia, que revidou.
Ap√≥s os disparos, a caminhonete perdeu o controle e parou entre as avenidas Par√° e Bahia, no centro de Gurupi. Nesse momento a equipe policial fez a abordagem ao ve√≠culo e viu que os suspeitos haviam sido atingidos.
LEIA TAMB√âM:
Mulher agredida por namorado em ch√°cara segue internada, diz secretaria
Motociclista √© morto a tiros enquanto estacionava pr√≥ximo ao camel√≥dromo de Taquaralto
Ciclista morre ap√≥s ser atingida por caminh√£o em avenida
O Servi√ßo de Atendimento M√≥vel de Urg√™ncia (Samu) foi chamado para socorrer os feridos. O aut√¥nomo Tiago Pereira Barros, de 38 anos, morreu ap√≥s dar entrada no Hospital Regional de Gurupi. O outro ocupante do carro sobreviveu. O estado de sa√∫de dele n√£o foi informado. A PM constatou na abordagem que ele apresentava sinais de embriaguez.
Dentro da caminhonete os policiais encontraram um rev√≥lver calibre 38. Tamb√©m havia latas de cerveja abertas, o que indica que eles teriam consumido bebidas alco√≥licas.
A TV Anhanguera apurou que o aut√¥nomo que morreu na troca de tiros tinha passagem na pol√≠cia pelos crimes de furto, amea√ßa e porte de drogas para uso pessoal. O corpo dele foi levado para o Instituto M√©dico Legal (IML) de Gurupi e segundo a Secretaria de Seguran√ßa P√∫blica, ainda estava no local at√© a tarde desta quinta-feira.
A per√≠cia tamb√©m foi acionada para analisar o local do confronto e o ve√≠culo dos suspeitos foi removido para o p√°tio da Sancar.
Viatura da Pol√≠cia Militar do Tocantins
Divulga√ß√£o/PMTO
Veja mais not√≠cias da regi√£o no g1 Tocantins.  ",https://g1.globo.com/to/tocantins/noticia/2025/03/27/homem-morre-e-outro-fica-ferido-apos-tentarem-fugir-e-entrarem-e-confronto-com-policiais-em-gurupi-diz-pm.ghtml,https://g1.globo.com/rss/g1/,"Thu, 27 Mar 2025 20:04:18 -0000",bebidas,,,,
Bertioga implementa policiamento cicl√≠stico; entenda,"   <img src=""https://s2-g1.glbimg.com/BK57TjL_NNM7FxlhRfYIBFlxH8g=/i.s3.glbimg.com/v1/AUTH_59edd422c0c84a879bd37670ae4f538a/internal_photos/bs/2025/d/2/njwr5ZTx6swlAsAblXJA/fotos-g1-20-.png"" /><br />     Refor√ßo tem o objetivo de ampliar a presen√ßa dos guardas em locais de grande circula√ß√£o, prevenindo furtos e roubos em Bertioga (SP).  Cidade do litoral de SP amplia medidas de seguran√ßa com policiamento cicl√≠stica
Ebson Rai/Prefeitura de Bertioga
A Prefeitura de Bertioga, no litoral de S√£o Paulo, implementou um novo refor√ßo na seguran√ßa da cidade. A Guarda Civil Municipal (GCM) agora conta com policiamento cicl√≠stico, uma estrat√©gia que visa intensificar as rondas em diversos bairros da cidade.
‚úÖClique aqui para seguir o canal do g1 Santos no WhatsApp.
O objetivo principal dessa medida √© aumentar a presen√ßa dos guardas em locais de grande circula√ß√£o, com a finalidade de prevenir furtos, roubos e fiscalizar o uso indevido do espa√ßo p√∫blico.
De acordo com a administra√ß√£o municipal, 12 bicicletas foram disponibilizadas para o patrulhamento. As rondas acontecem desde o bairro Maitinga at√© o Centro, abrangendo o cal√ßad√£o da praia, a Avenida 19 de Maio, o portal de entrada da cidade e a √°rea ao redor do Mercado Municipal de Pescados.
A previs√£o √© de que o projeto seja expandido para outras regi√µes de Bertioga, proporcionando maior mobilidade e agilidade no deslocamento dos agentes.
V√çDEOS: g1 em 1 minuto Santos  ",https://g1.globo.com/sp/santos-regiao/noticia/2025/03/27/bertioga-implementa-policiamento-ciclistico-entenda.ghtml,https://g1.globo.com/rss/g1/,"Thu, 27 Mar 2025 20:00:14 -0000",Pescados,,,,
Justi√ßa determina que prefeitura de Rio Branco mantenha fornecimento de alimenta√ß√£o no Centro POP ,"   <img src=""https://s2-g1.glbimg.com/TTxMR9SzLUNVdzdYPh0KIolSq6E=/i.s3.glbimg.com/v1/AUTH_59edd422c0c84a879bd37670ae4f538a/internal_photos/bs/2025/w/k/usanDzT8CZ7iAMWGzq7w/centro-pop-2.jpeg"" /><br />     Em janeiro, promotoria do MP-AC protocolou pedido e, agora em mar√ßo, Justi√ßa determinou que fornecimento n√£o seja interrompido. Prefeitura se posicionou dizendo que Centro POP n√£o interrompeu fornecimento das refei√ß√µes. Decis√£o cabe recurso. Centro Pop funciona no centro de Rio Branco e atende pessoas em situa√ß√£o de rua
Iza√≠as Gomes/Assecom
Uma decis√£o liminar determinou que a prefeitura de Rio Branco mantenha o fornecimento de alimenta√ß√£o no Centro de Refer√™ncia Especializado para Popula√ß√£o em Situa√ß√£o de Rua (Centro POP), que funciona no centro da capital. O pedido havia sido feito pelo Minist√©rio P√∫blico do Acre (MP-AC), em janeiro deste ano. 
üì≤ Participe do canal do g1 AC no WhatsApp
A solicita√ß√£o foi feita pela Promotoria Especializada de Direitos Humanos e Cidadania ap√≥s declara√ß√µes dadas pelo secret√°rio de Assist√™ncia Social e Direitos Humanos (SASDH), Jo√£o Marcos Luz. √Ä √©poca, o Ju√≠zo da 2¬™ Vara de Fazenda P√∫blica da Comarca de Rio Branco j√° havia aprovado uma liminar para n√£o suspender a alimenta√ß√£o para pessoas em situa√ß√£o de rua.
O Centro Pop atende a popula√ß√£o em situa√ß√£o de rua h√° mais de tr√™s anos. Na liminar, foi considerado que a interrup√ß√£o do fornecimento de refei√ß√µes poderia causar danos irrepar√°veis aos usu√°rios do servi√ßo. A primeira decis√£o era liminar e visava n√£o suspender a alimenta√ß√£o at√© que a a√ß√£o fosse julgada. 
LEIA TAMB√âM:
Justi√ßa aprova pedido do MP e prefeitura de Rio Branco deve continuar oferecendo alimenta√ß√£o √†s pessoas em situa√ß√£o de rua
Em recomenda√ß√£o, MP pede que cidade do AC cumpra pol√≠tica para pessoas em situa√ß√£o de rua e solicita dados
A√ß√£o no Centro POP oferece servi√ßos de sa√∫de e cidadania √† popula√ß√£o de rua em Rio Branco: 'dignidade'
Pessoas em situa√ß√£o de rua s√£o atendidas durante edi√ß√£o especial do Projeto Cidad√£o no Acre
Agora os demais pedidos do MP na a√ß√£o foram julgados e essa √© uma decis√£o de primeiro grau, que ainda cabe recurso. De acordo com a decis√£o divulgada nesta ter√ßa-feira (25), em caso de descumprimento, ser√° aplicada uma multa di√°ria no valor de R$ 5 mil ao munic√≠pio. 
√Ä √©poca da primeira liminar, em nota, a prefeitura de Rio Branco, por meio da Secretaria Municipal de Assist√™ncia Social e Direitos Humanos (SASDH), disse que, em nenhum momento, interrompeu a entrega de refei√ß√µes no Centro Pop. (Confira mais detalhes abaixo)
O g1 entrou em contato com a Prefeitura para saber sobre essa nova decis√£o e se o munic√≠pio ir√° recorrer, por√©m at√© a √∫ltima atualiza√ß√£o dessa reportagem, n√£o obteve retorno. 
A√ß√£o no Centro POP oferece servi√ßos de sa√∫de e cidadania √† popula√ß√£o de rua em Rio Branco
Na primeira solicita√ß√£o, o promotor de Justi√ßa de Defesa dos Direitos Humanos e Cidadania, Thalles Ferreira Costa, ainda citou a inexist√™ncia de banheiros p√∫blicos, bebedouros e de lavanderias sociais de f√°cil acesso, a aus√™ncia de programa habitacional para assegurar moradia adequada e a inexist√™ncia de aluguel social e de locais para moradia provis√≥ria de pessoas em situa√ß√£o de rua.
Por esse motivo, essa nova decis√£o determina que a prefeitura de Rio Branco elabore e implemente um plano de estrutura√ß√£o do atendimento √†s pessoas em situa√ß√£o de rua. Essa proposta deve contemplar:
Cria√ß√£o de um fluxo intersetorial de atendimento
Constru√ß√£o de restaurantes populares
Banheiros p√∫blicos
Lavanderias sociais
Espa√ßos para guarda de pertences
Destina√ß√£o de recursos para aluguel social 
Disponibiliza√ß√£o de cursos de qualifica√ß√£o profissional
O plano deve conter ainda a proposta para a implementa√ß√£o de casas de passagem, unidades de acolhimento e servi√ßos de resid√™ncia terap√™utica, bem como a proibi√ß√£o da remo√ß√£o for√ßada de pertences e o transporte compuls√≥rio dessas pessoas. 
Para assegurar um atendimento digno, agentes p√∫blicos dever√£o ser capacitados, e inspe√ß√µes peri√≥dicas devem ser realizadas nos abrigos. Outras a√ß√µes a serem inseridas no plano incluem mutir√µes para a regulariza√ß√£o de documentos, divulga√ß√£o de alertas meteorol√≥gicos e fornecimento de barracas emergenciais quando necess√°rio, entre diversas outras a√ß√µes.
Nota da prefeitura de Rio Branco (divulgada em janeiro)
""A Prefeitura de Rio Branco, por meio da Secretaria Municipal de Assist√™ncia Social e Direitos Humanos (SASDH), esclarece que, em nenhum momento, interrompeu a entrega de refei√ß√µes no Centro Pop, unidade de atendimento especializado √† popula√ß√£o em situa√ß√£o de rua.
Atualmente, s√£o oferecidas tr√™s refei√ß√µes di√°rias no local: caf√© da manh√£, almo√ßo e lanche da tarde. O caf√© da manh√£, com 125 kits servidos diariamente, e o almo√ßo, com 140 marmitas distribu√≠das, s√£o preparados pela empresa MR Servi√ßos, contratada para garantir a qualidade e regularidade das refei√ß√µes. Parte do pagamento dessas refei√ß√µes √© custeado com recursos pr√≥prios do munic√≠pio e outra parte com recursos federais.
Al√©m disso, √© importante destacar que o lanche disponibilizado para a turma da Educa√ß√£o de Jovens e Adultos (EJA) √© uma iniciativa da Secretaria Municipal de Educa√ß√£o (Seme), oferecido exclusivamente para os alunos do EJA que participam das aulas realizadas todas as manh√£s no Centro Pop.
Por sua vez, o lanche da tarde, destinado ao p√∫blico geral atendido pelo Centro Pop, √© outra refei√ß√£o inclu√≠da no planejamento alimentar da unidade, refor√ßando o compromisso da Prefeitura de Rio Branco em atender a pol√≠tica de seguran√ßa alimentar e nutricional para a popula√ß√£o em situa√ß√£o de rua.
Sobre a decis√£o judicial recente, proferida pela ju√≠za Zenair Ferreira Bueno, que determina a continuidade da oferta de refei√ß√µes para a popula√ß√£o atendida pela unidade, garantimos que esta j√° √© uma pr√°tica executada na unidade de forma consolidada.
Por fim, esclarecemos que a fala do secret√°rio municipal de Assist√™ncia Social e Direitos Humanos, ao comentar sobre mudan√ßas no Centro Pop, refere-se a um planejamento futuro diante da transfer√™ncia da unidade para um novo endere√ßo, a fim de aprimorar o atendimento, que tem foco no atendimento psicossocial e no apoio √† reinser√ß√£o social das pessoas em situa√ß√£o de rua.
Asseguramos que, independentemente dessa mudan√ßa de endere√ßo, a oferta de refei√ß√µes obedecer√° as determina√ß√µes da Pol√≠tica Nacional para Popula√ß√£o em Situa√ß√£o de Rua (PNPSR) e do Sistema √önico de Assist√™ncia Social (Suas), garantindo a dignidade e os direitos da popula√ß√£o em situa√ß√£o de vulnerabilidade social.""
V√çDEOS: g1  ",https://g1.globo.com/ac/acre/noticia/2025/03/27/justica-determina-que-prefeitura-de-rio-branco-mantenha-fornecimento-de-alimentacao-no-centro-pop.ghtml,https://g1.globo.com/rss/g1/,"Thu, 27 Mar 2025 19:59:19 -0000",alimenta√ß√£o,,,,
"Antes de atirar no rosto da tia, sobrinho teve discuss√£o com a v√≠tima sobre compra de im√≥vel da av√≥ no Acre","   <img src=""https://s2-g1.glbimg.com/2sMAriCsp3SyUXMPSnVKDxVyLAk=/i.s3.glbimg.com/v1/AUTH_59edd422c0c84a879bd37670ae4f538a/internal_photos/bs/2025/u/a/7ZHLe0SPeBRus9WusF3w/whatsapp-image-2025-03-26-at-17.52.11.jpeg"" /><br />     M√°rcia Monteiro de Almeida est√° internada na UTI em estado grave desde domingo (23), em Rio Branco. Iranilson de Almeida alegou que n√£o tinha a inten√ß√£o de atirar na tia e que foi acidental. Suspeito foi solto durante audi√™ncia de cust√≥dia.  M√°rcia Monteiro de Almeida est√° internada na UTI em estado grave
Reprodu√ß√£o
Antes de atirar no rosto da tia, Iranilson Monteiro de Almeida, de 40 anos, teve uma breve discuss√£o com a v√≠tima sobre a documenta√ß√£o de uma casa que comprou da av√≥. M√°rcia Monteiro de Almeida, de 46 anos, est√° internada na Unidade de Terapia Intensiva (UTI) do Pronto-Socorro de Rio Branco em recupera√ß√£o. O estado dela ainda √© grave. 
üì≤ Participe do canal do g1 AC no WhatsApp
O crime ocorreu na noite de domingo (23) na Rua Juricaba, no bairro Jo√£o Paulo II, regi√£o da Baixada da Sobral, na capital acreana. Iranilson foi preso em flagrante, levado para a Delegacia de Flagrantes (Defla) e indiciado por tentativa de homic√≠dio. O tiro atingiu o olho esquerdo e a bala saiu na lateral direita da cabe√ßa de M√°rcia.
Em depoimento, o suspeito contou que estava na casa da tia desde o meio-dia consumindo bebidas alc√≥olicas. Iranilson, que trabalha como t√©cnico em telecomunica√ß√£o, afirmou que tem um bom relacionamento com a tia e n√£o se recorda do momento em que atirou nela. 
""Em determinado momento relata que tiveram uma discuss√£o a respeito de uma documenta√ß√£o de uma casa que o interrogado comprou de sua av√≥. A discuss√£o demorou no m√°ximo cinco minutos, mas ressalta que foi uma discuss√£o leve, ou seja, sem ofensas e nada de inimizade. N√£o lembra se o momento do disparo foi durante a discuss√£o ou depois, mas acredita que, talvez, possa ter sido durante a discuss√£o porque n√£o se recorda com exatid√£o porque estaria muito embriagado"", diz parte do depoimento. 
A arma usada no crime pertence ao suspeito, conforme a pol√≠cia, contudo ele n√£o tem porte de arma. Ele afirmou que, durante √† tarde, foi at√© a resid√™ncia em que vive com a mulher e os filhos, pegou a arma e voltou para a casa da tia. 
""N√£o buscou a arma de fogo com a inten√ß√£o de realizar nenhum crime, at√© porque at√© aquele momento n√£o teve discuss√£o. Acredita que buscou a arma apenas para se exibir; que, quando retomou para a casa de M√°rcia, continuaram a beber cerveja e em determinado momento efetuou um disparo com a pistola calibre .380 no quintal"", aponta. 
Tiro acidental
Ainda segundo o processo da Justi√ßa, o t√©cnico em telecomunica√ß√£o alegou que n√£o tinha a inten√ß√£o de atirar na tia, mas acredita que esqueceu de tirar a muni√ß√£o da c√¢mara da arma e que esse descuido resultou no disparo. 
""Foi acidental porque n√£o tinha a inten√ß√£o de disparar contra a sua tia. Afirma que n√£o apontou a arma para sua tia e acredita que durante o manuseio disparou acidentalmente. Tem um bom relacionamento com sua tia M√°rcia"", diz o depoimento.
Ap√≥s o disparo, Iranilson disse que ficou muito assustado, deixou a arma no ch√£o e foi para casa. A pol√≠cia foi at√© a resid√™ncia, que fica pr√≥xima do local do crime, e foi recebida pela esposa do suspeito. A mulher confirmou que o marido estava em casa e autorizou a entrada da equipe. 
O suspeito foi encontrado deitado no ch√£o da parte de tr√°s da casa e n√£o resistiu √† pris√£o. Iranilson passou por audi√™ncia de cust√≥dia na segunda-feira (24) e liberado para responder o processo em casa. Contudo, ele precisa cumprir as seguintes medidas cautelares. 
Monitoramento eletr√¥nico
Proibi√ß√£o de contato com a v√≠tima e familiares pr√≥ximos
Proibi√ß√£o de usar arma de fogo
Recolhimento domiciliar no per√≠odo noturno e nos dias de folga
Informar a UMEP os hor√°rios de trabalho
Na decis√£o, o juiz Robson Ribeiro Aleixo destacou que o suspeito possui bons antecedentes criminais, os filhos dependem dele para ir √† escola, tem resid√™ncia fixa e concedeu a liberdade. 
""Entendo que n√£o est√£o presentes os requisitos para decreta√ß√£o da preventiva, que trata-se de situa√ß√£o extremamente grave, mas os fatos carecem de maiores esclarecimentos, para saber o que aconteceu e para que haja imputa√ß√£o legitima ao acusado, a gravidade em si da situa√ß√£o n√£o √© suficiente para decreta√ß√£o da pris√£o. Entendo que as medidas cautelares s√£o suficientes para o caso, concedo a liberdade provis√≥ria com a aplica√ß√£o das medidas cautelares"", argumentou o magistrado. 
Reveja os telejornais do Acre  ",https://g1.globo.com/ac/acre/noticia/2025/03/27/antes-de-atirar-no-rosto-da-tia-sobrinho-teve-discussao-com-a-vitima-sobre-compra-de-imovel-da-avo-no-acre.ghtml,https://g1.globo.com/rss/g1/,"Thu, 27 Mar 2025 19:44:33 -0000",bebidas,,,,
Irm√£o do suspeito de atirar contra pessoas em frente √† casa noturna de Sorocaba √© flagrado desenterrando armas ,"   <img src=""https://s2-g1.glbimg.com/SiZAmEwf8esErmCN-XzDwEXLp7M=/i.s3.glbimg.com/v1/AUTH_59edd422c0c84a879bd37670ae4f538a/internal_photos/bs/2025/n/G/EEdSFfQxmzNnYm98lBQQ/whatsapp-image-2025-03-27-at-13.37.32.jpeg"" /><br />     Segundo a GCM, o homem disse que o irm√£o pretendia se entregar √† pol√≠cia e, por isso, pediu para ele desenterrar as armas que haviam sido usadas no crime que ocorreu em frente a um estabelecimento na zona sul de Sorocaba (SP), na madrugada de domingo (23).  Homem foi flagrado desenterrando armas em uma √°rea verde na zona norte de Sorocaba (SP). Armas teriam sido usadas em crime que ocorreu no domingo (23)
GCM Sorocaba/Divulga√ß√£o
O irm√£o do homem suspeito de atirar contra pessoas em frente √† uma casa noturna de Sorocaba (SP), na madrugada de domingo (23), foi detido pela Guarda Civil Municipal, nesta ter√ßa-feira (25), enquanto desenterrava uma r√©plica arma de fogo no Jardim Santa Esmeralda, zona norte da cidade. 
üì≤ Participe do canal do g1 Sorocaba e Jundia√≠ no WhatsApp
Conforme a GCM, o homem, de 31 anos, foi flagrado com uma p√° cavando terra em uma √°rea verde desenterrando a arma. Ele tamb√©m estava com uma pistola calibre 7.65 mm, com a numera√ß√£o raspada e sem muni√ß√£o. 
Aos guardas, o suspeito disse que havia enterrado as duas armas no local na segunda-feira (24), a pedido de seu irm√£o, que teria se envolvido em uma briga em uma casa noturna e feito disparos com a pistola em frente ao estabelecimento. O homem justificou que desenterraria as armas, pois o irm√£o pretendia se apresentar √† pol√≠cia e levar os objetos. 
O suspeito foi levado ao Plant√£o da Pol√≠cia Civil, onde o delegado determinou a pris√£o do homem por porte ilegal de arma de fogo de uso restrito. 
Tiros em casa noturna
Uma c√¢mera de monitoramento flagrou o homem atirando contra pessoas em frente √† uma casa noturna na zona sul de Sorocaba, na madrugada de domingo.
Nas imagens, √© poss√≠vel ver o suspeito, que vestia uma camiseta escura, saindo de um carro √†s 0h25 de s√°bado apontando a arma e atirando em dire√ß√£o ao estabelecimento. As pessoas que estavam na √°rea externa do local correm para dentro.
Em seguida, o suspeito atira novamente em dire√ß√£o √† rua e, depois, vai at√© a casa noturna, ainda segurando a arma. Um homem, que dirigia o carro, tamb√©m deixa o ve√≠culo e vai atr√°s do suspeito. Depois, os dois voltam para a √°rea externa do estabelecimento. 
Homem √© flagrado atirando contra pessoas em frente √† casa noturna na zona sul de Sorocaba
A Pol√≠cia Militar informou que foi acionada horas ap√≥s o ocorrido, e que n√£o localizou os suspeitos. Segundo a PM, pessoas relataram terem ouvido sons de tiros. A pol√≠cia informou que n√£o houve registro de pessoas feridas.
Em nota, o Lumi Bar informou que est√° tomando todas as provid√™ncias legais.
Veja mais not√≠cias da regi√£o no g1 Sorocaba e Jundia√≠
V√çDEOS: assista √†s reportagens da TV TEM  ",https://g1.globo.com/sp/sorocaba-jundiai/noticia/2025/03/27/irmao-do-suspeito-de-atirar-contra-pessoas-em-frente-a-casa-noturna-de-sorocaba-e-flagrado-desenterrando-armas.ghtml,https://g1.globo.com/rss/g1/,"Thu, 27 Mar 2025 18:59:52 -0000",P√°,,,,
'Tradwife dos LGBTs': Influencer conquista p√∫blico com conte√∫do de marmitas para o marido,"
Sandu√≠che de berinjela empanada no p√£o ciabatta, mini ab√≥bora assada recheada, escondidinho de alcatra e torta de manteiga escocesa -sem esquecer do caf√© fresquinho e do suco natural. Essas s√£o algumas das comidas preparadas por Luiz Felipe Alves, 31, para o marido levar ao servi√ßo em dias de <a href=""https://www1.folha.uol.com.br/sobretudo/carreiras/2023/11/veja-dicas-para-ter-uma-alimentacao-saudavel-no-trabalho.shtml"">trabalho presencial</a>. O capricho na apresenta√ß√£o dos pratos e o carinho que envolve todo o processso vem fazendo com que o influenciador viralize nas redes sociais.
<a href=""https://redir.folha.com.br/redir/online/emcimadahora/rss091/*https://f5.folha.uol.com.br/voceviu/2025/03/tradwife-dos-lgbts-influencer-conquista-publico-com-conteudo-de-marmitas-para-o-marido.shtml"">Leia mais</a> (03/27/2025 - 15h30)",https://redir.folha.com.br/redir/online/emcimadahora/rss091/*https://f5.folha.uol.com.br/voceviu/2025/03/tradwife-dos-lgbts-influencer-conquista-publico-com-conteudo-de-marmitas-para-o-marido.shtml,https://feeds.folha.uol.com.br/emcimadahora/rss091.xml,27 Mar 2025 15:30:00 -0300,Alcatra,,,,
"Rem√©dios devem ficar at√© 5,06% mais caros a partir de segunda-feira (31)","
A partir da pr√≥xima segunda-feira (31), os pre√ßos dos <a href=""https://www1.folha.uol.com.br/folha-topicos/medicamentos/"">medicamentos</a> em todo o Brasil ficar√£o mais caros. Estimativa baseada na f√≥rmula de c√°lculo elaborada pela Cmed (C√¢mara de Regula√ß√£o do Mercado de Medicamentos) indica reajuste de at√© 5,06%. O percentual, que serve como teto para as farmac√™uticas, corresponde √† <a href=""https://www1.folha.uol.com.br/folha-topicos/inflacao/"">infla√ß√£o</a> medida pelo IPCA (√çndice de Pre√ßos ao Consumidor Amplo) nos √∫ltimos 12 meses encerrados em fevereiro.
<a href=""https://redir.folha.com.br/redir/online/emcimadahora/rss091/*https://www1.folha.uol.com.br/mercado/2025/03/remedios-devem-ficar-ate-506-mais-caros-a-partir-de-segunda-feira-31.shtml"">Leia mais</a> (03/27/2025 - 15h23)",https://redir.folha.com.br/redir/online/emcimadahora/rss091/*https://www1.folha.uol.com.br/mercado/2025/03/remedios-devem-ficar-ate-506-mais-caros-a-partir-de-segunda-feira-31.shtml,https://feeds.folha.uol.com.br/emcimadahora/rss091.xml,27 Mar 2025 15:23:00 -0300,infla√ß√£o,,,,
"Ovo, caf√© e tomate puxam infla√ß√£o dos alimentos no IPCA-15; arroz cai pelo 5¬∫ m√™s seguido","
A infla√ß√£o dos alimentos no <a href=""https://www1.folha.uol.com.br/mercado/2023/02/ipca-15-entenda-como-este-indice-de-inflacao-e-calculado.shtml"">IPCA-15</a> (√çndice Nacional de Pre√ßos ao Consumidor Amplo 15) acelerou em mar√ßo com a press√£o das altas do <a href=""https://www1.folha.uol.com.br/mercado/2025/03/ovo-sobe-mais-de-15-e-tem-a-maior-inflacao-no-plano-real-cafe-avanca-quase-11.shtml"">ovo de galinha</a>, do <a href=""https://www1.folha.uol.com.br/blogs/cafe-na-prensa/"">caf√© mo√≠do</a> e do tomate.
<a href=""https://redir.folha.com.br/redir/online/emcimadahora/rss091/*https://www1.folha.uol.com.br/mercado/2025/03/ovo-cafe-e-tomate-puxam-inflacao-dos-alimentos-no-ipca-15-arroz-cai-pelo-5o-mes-seguido.shtml"">Leia mais</a> (03/27/2025 - 13h35)",https://redir.folha.com.br/redir/online/emcimadahora/rss091/*https://www1.folha.uol.com.br/mercado/2025/03/ovo-cafe-e-tomate-puxam-inflacao-dos-alimentos-no-ipca-15-arroz-cai-pelo-5o-mes-seguido.shtml,https://feeds.folha.uol.com.br/emcimadahora/rss091.xml,27 Mar 2025 13:35:00 -0300,infla√ß√£o,,,,
"Despesa com Bolsa Fam√≠lia cai, est√≠mulo do gasto no PIB baixa tamb√©m","
A despesa com o <a href=""https://www1.folha.uol.com.br/folha-topicos/bolsa-familia/"">Bolsa Fam√≠lia</a> caiu em um ano. Nos √∫ltimos 12 meses, baixou 5,1%, em termos reais -considerada a infla√ß√£o. Passou de R$ 181 bilh√µes por ano para R$ 171,7 bilh√µes, at√© fevereiro, dado mais recente, divulgado nesta quinta pelo Tesouro Nacional.
<a href=""https://redir.folha.com.br/redir/online/emcimadahora/rss091/*https://www1.folha.uol.com.br/colunas/viniciustorres/2025/03/despesa-com-bolsa-familia-cai-estimulo-do-gasto-no-pib-baixa-tambem.shtml"">Leia mais</a> (03/27/2025 - 13h20)",https://redir.folha.com.br/redir/online/emcimadahora/rss091/*https://www1.folha.uol.com.br/colunas/viniciustorres/2025/03/despesa-com-bolsa-familia-cai-estimulo-do-gasto-no-pib-baixa-tambem.shtml,https://feeds.folha.uol.com.br/emcimadahora/rss091.xml,27 Mar 2025 13:20:00 -0300,infla√ß√£o,,,,
Cerveja sem √°lcool √© eleita a 3¬™ melhor do pa√≠s em concurso em Blumenau,"
Em meados de mar√ßo terminou a 13¬™ edi√ß√£o do <a href=""https://www1.folha.uol.com.br/blogs/copo-cheio/2025/03/festival-de-cerveja-de-blumenau-ganha-homonimo-e-expoe-briga-no-setor.shtml"" rel=""nofollow"" target="""">Concurso Brasileiro de Cervejas</a>, em <a href=""https://www1.folha.uol.com.br/folha-topicos/blumenau/"" rel=""nofollow"" target="""">Blumenau</a>. O tradicional evento -que integra o Festival Brasileiro da Cerveja- distribuiu 289 medalhas (95 delas, de ouro) e consagrou a Big Jack Cervejaria, de Orleans (SC), como a grande vencedora, com 18 p√≥dios.<br>
<br>
No entanto, o que chamou mais a aten√ß√£o na divulga√ß√£o do resultado foi a premia√ß√£o do Best of Show, que escolhe a melhor amostra entre mais de 2.500 inscritas, dos mais diversos estilos.<br>
<br>
Em primeiro lugar ficou uma gose com <a href=""https://www1.folha.uol.com.br/blogs/tudo-mais-um-pouco/2024/12/como-cultivar-alecrim-em-casa.shtml"" rel=""nofollow"" target="""">alecrim</a>, da Arauc√°ria (PR); a medalha de prata foi para uma weiss com malte defumado, da Vale 4 (RS); e, fechando o p√≥dio, uma catharina sour com<a href=""https://www1.folha.uol.com.br/comida/2025/03/provamos-o-morango-de-r-115-da-erewhon-ele-vale-a-pena.shtml"" rel=""nofollow"" target=""""> morango</a> e <a href=""https://www1.folha.uol.com.br/mercado/2022/11/fruta-amazonica-maracuja-suspiro-vira-cosmetico-com-propriedade-antioxidante.shtml"" rel=""nofollow"" target="""">maracuj√°</a>, <a href=""https://www1.folha.uol.com.br/comida/2024/09/cervejas-sem-alcool-surpreendem-e-podem-ajudar-a-moderar-o-consumo.shtml"" rel=""nofollow"" target="""">sem √°lcool</a> e sem gl√∫ten, da Opa Bier (SC).
<a href=""https://redir.folha.com.br/redir/online/emcimadahora/rss091/*https://www1.folha.uol.com.br/comida/2025/03/cerveja-sem-alcool-e-eleita-a-3a-melhor-do-pais-em-concurso-em-blumenau.shtml"">Leia mais</a> (03/27/2025 - 11h58)",https://redir.folha.com.br/redir/online/emcimadahora/rss091/*https://www1.folha.uol.com.br/comida/2025/03/cerveja-sem-alcool-e-eleita-a-3a-melhor-do-pais-em-concurso-em-blumenau.shtml,https://feeds.folha.uol.com.br/emcimadahora/rss091.xml,27 Mar 2025 11:58:00 -0300,Cerveja,,,,
"Contas p√∫blicas t√™m d√©ficit de R$ 31,7 bi em fevereiro","
As <a href=""https://www1.folha.uol.com.br/mercado/2025/02/gastos-com-bpc-sobem-148-em-janeiro-e-acendem-luz-amarela-no-governo.shtml"">contas do governo central</a> tiveram um d√©ficit de R$ 31,7 bilh√µes em fevereiro de 2025, informou nesta quinta-feira (27) o Tesouro Nacional. Embora negativo, trata-se do melhor resultado para o m√™s desde 2022, quando houve um saldo negativo de R$ 23,6 bilh√µes, em valores j√° atualizados pela infla√ß√£o.
<a href=""https://redir.folha.com.br/redir/online/emcimadahora/rss091/*https://www1.folha.uol.com.br/mercado/2025/03/contas-publicas-tem-deficit-de-r-317-bi-em-fevereiro.shtml"">Leia mais</a> (03/27/2025 - 11h27)",https://redir.folha.com.br/redir/online/emcimadahora/rss091/*https://www1.folha.uol.com.br/mercado/2025/03/contas-publicas-tem-deficit-de-r-317-bi-em-fevereiro.shtml,https://feeds.folha.uol.com.br/emcimadahora/rss091.xml,27 Mar 2025 11:27:00 -0300,infla√ß√£o,,,,
'Sou uma 'Z√© ningu√©m' e usaram minha imagem em v√≠deo falso com IA para vender ch√° milagroso',Golpistas mudaram boca e voz da influencer carioca T√¢nia Carvalho e promoveram um an√∫ncio com v√≠deo falso vendendo um tratamento.,https://www.bbc.com/portuguese/articles/cn89pzxqjn3o,https://www.bbc.com/portuguese/index.xml,"Wed, 26 Mar 2025 08:45:54 GMT",Ch√°,,,,
Quanto rende R$ 20.000 investidos em Tesouro Direto por 6 meses?,"
                             Com a Selic a 14,25% ao ano, aplica√ß√µes no Tesouro Direto voltam a oferecer rentabilidade acima da infla√ß√£o com seguran√ßa e liquidez.
 
                        ",https://exame.com/invest/guia/quanto-rende-r-20-000-investidos-em-tesouro-direto-por-6-meses/,https://exame.com/feed/,2025-03-27T17:18:38,infla√ß√£o,,,,
Como a infla√ß√£o afeta seus investimentos e como se proteger dela,"
                             A infla√ß√£o pode corroer o poder de compra e impactar diretamente a rentabilidade dos seus investimentos; veja algumas estrat√©gias para manter seu patrim√¥nio preservado
 
                        ",https://exame.com/invest/guia/como-a-inflacao-afeta-seus-investimentos-e-como-se-proteger-dela/,https://exame.com/feed/,2025-03-27T16:01:22,infla√ß√£o,,,,
Gal√≠polo afasta sugest√£o de Alckmin de retirar alimentos e energia do c√°lculo de infla√ß√£o,O presidente do BC analisou o tema ao apresentar o 'Relat√≥rio de Pol√≠tica Monet√°ria',https://www.cartacapital.com.br/economia/galipolo-afasta-sugestao-de-alckmin-de-retirar-alimentos-e-energia-do-calculo-de-inflacao/,https://www.cartacapital.com.br/feed/,"Thu, 27 Mar 2025 14:50:22 -0300",infla√ß√£o,,,,
"D√≥lar sobe e fecha a R$ 5,75 com novas tarifas de Trump e dados de infla√ß√£o","<p>Ap√≥s oscilar em margens estreitas durante o dia, o d√≥lar fechou a quinta-feira, 27, em alta e novamente no patamar R$ 5,75, com o real perdendo valor junto com outras divisas pares, como o peso mexicano e o peso chileno, em meio a preocupa√ß√µes dos investidores com os efeitos da pol√≠tica tarif√°ria dos Estados Unidos. [&#8230;]</p>
<p>O post <a rel=""nofollow"" href=""https://istoedinheiro.com.br/dolar-ibovespa-270325/"">D√≥lar sobe e fecha a R$ 5,75 com novas tarifas de Trump e dados de infla√ß√£o</a> apareceu primeiro em <a rel=""nofollow"" href=""https://istoedinheiro.com.br"">ISTO√â DINHEIRO</a>.</p>
",https://istoedinheiro.com.br/dolar-ibovespa-270325/,https://www.istoedinheiro.com.br/feed/,"Thu, 27 Mar 2025 20:25:23 +0000",infla√ß√£o,,,,
Lollapalooza 2025: quanto vai custar a √°gua e o copo de cerveja¬†Budweiser?,"<p>J√° √© poss√≠vel conferir o card√°pio de bebidas do Lollapalooza 2025 no aplicativo de celular oficial do evento, dispon√≠vel para download tanto para iOS como para Android. +Lollapalooza n√£o ter√° pulseiras para carregar e consumir este ano; entenda +Lollapalooza 2025: M√©quiLand ter√° Big Mac por R$ 26,90; veja card√°pio A Budwiser √© a cerveja oficial [&#8230;]</p>
<p>O post <a rel=""nofollow"" href=""https://istoedinheiro.com.br/lollapalooza-2025-precos-das-bebidas/"">Lollapalooza 2025: quanto vai custar a √°gua e o copo de cerveja¬†Budweiser?</a> apareceu primeiro em <a rel=""nofollow"" href=""https://istoedinheiro.com.br"">ISTO√â DINHEIRO</a>.</p>
",https://istoedinheiro.com.br/lollapalooza-2025-precos-das-bebidas/,https://www.istoedinheiro.com.br/feed/,"Thu, 27 Mar 2025 19:37:15 +0000",bebidas,,,,
Abiec: t√©cnicos japoneses visitar√£o Pa√≠s em at√© 60 dias para inspecionar produ√ß√£o,"<p>S√£o Paulo, 27 &#8211; T√©cnicos japoneses dever√£o visitar o Brasil dentro dos pr√≥ximos 60 dias para realizar uma inspe√ß√£o sanit√°ria nas condi√ß√µes de produ√ß√£o da carne bovina brasileira. A informa√ß√£o foi confirmada pela assessoria de imprensa da Associa√ß√£o Brasileira das Ind√∫strias Exportadoras de Carnes (Abiec). Na manh√£ da quarta-feira, 26, o primeiro-ministro do Jap√£o, Shigeru [&#8230;]</p>
<p>O post <a rel=""nofollow"" href=""https://istoedinheiro.com.br/abiec-tecnicos-japoneses-visitarao-pais-em-ate-60-dias-para-inspecionar-producao/"">Abiec: t√©cnicos japoneses visitar√£o Pa√≠s em at√© 60 dias para inspecionar produ√ß√£o</a> apareceu primeiro em <a rel=""nofollow"" href=""https://istoedinheiro.com.br"">ISTO√â DINHEIRO</a>.</p>
",https://istoedinheiro.com.br/abiec-tecnicos-japoneses-visitarao-pais-em-ate-60-dias-para-inspecionar-producao/,https://www.istoedinheiro.com.br/feed/,"Thu, 27 Mar 2025 19:01:00 +0000",Carnes,,,,
Pesquisadores chineses usam f√≠gado de porco geneticamente modificado em transplante humano,"<p>Nesta quarta-feira, 26, pesquisadores chineses anunciaram novos avan√ßos no campo dos transplantes de √≥rg√£os de animais para humanos, conhecidos como xenotransplantes. A equipe de pesquisa compartilhou os resultados de um experimento em que um f√≠gado de porco foi transplantado em uma pessoa com morte cerebral. Segundo informa√ß√µes publicadas em artigo revista Nature, o indiv√≠duo que [&#8230;]</p>
<p>O post <a rel=""nofollow"" href=""https://istoedinheiro.com.br/pesquisadores-chineses-usam-figado-de-porco-geneticamente-modificado-em-transplante-humano/"">Pesquisadores chineses usam f√≠gado de porco geneticamente modificado em transplante humano</a> apareceu primeiro em <a rel=""nofollow"" href=""https://istoedinheiro.com.br"">ISTO√â DINHEIRO</a>.</p>
",https://istoedinheiro.com.br/pesquisadores-chineses-usam-figado-de-porco-geneticamente-modificado-em-transplante-humano/,https://www.istoedinheiro.com.br/feed/,"Thu, 27 Mar 2025 18:10:00 +0000",F√≠gado,,,,
"Na carta aberta de junho, diremos qual √© o horizonte para IPCA convergir, diz Guillen","<p>O diretor de Pol√≠tica Econ√¥mica do Banco Central, Diogo Guillen, evitou sinalizar qual horizonte o BC vai dar como prazo para a infla√ß√£o convergir ao centro da meta, de 3%. A autoridade monet√°ria deve publicar uma carta aberta por ter descumprido o alvo em junho e, conforme a nova sistem√°tica de meta cont√≠nua, indicar√° um [&#8230;]</p>
<p>O post <a rel=""nofollow"" href=""https://istoedinheiro.com.br/na-carta-aberta-de-junho-diremos-qual-e-o-horizonte-para-ipca-convergir-diz-guillen/"">Na carta aberta de junho, diremos qual √© o horizonte para IPCA convergir, diz Guillen</a> apareceu primeiro em <a rel=""nofollow"" href=""https://istoedinheiro.com.br"">ISTO√â DINHEIRO</a>.</p>
",https://istoedinheiro.com.br/na-carta-aberta-de-junho-diremos-qual-e-o-horizonte-para-ipca-convergir-diz-guillen/,https://www.istoedinheiro.com.br/feed/,"Thu, 27 Mar 2025 18:02:00 +0000",infla√ß√£o,,,,
"Gal√≠polo refor√ßa que, no curto prazo, Pa√≠s vai conviver com IPCA acima da meta","<p>O presidente do Banco Central, Gabriel Gal√≠polo, refor√ßou nesta quinta-feira, 27, que, no curto prazo, a infla√ß√£o seguir√° acima da meta perseguida pela autoridade monet√°ria, que tolera um √çndice Nacional de Pre√ßos ao Consumidor Amplo (IPCA) de no m√°ximo 4,5%. Durante entrevista coletiva para detalhar o Relat√≥rio de Pol√≠tica Monet√°ria (RPM), divulgado pela manh√£, ele [&#8230;]</p>
<p>O post <a rel=""nofollow"" href=""https://istoedinheiro.com.br/galipolo-reforca-que-no-curto-prazo-pais-vai-conviver-com-ipca-acima-da-meta/"">Gal√≠polo refor√ßa que, no curto prazo, Pa√≠s vai conviver com IPCA acima da meta</a> apareceu primeiro em <a rel=""nofollow"" href=""https://istoedinheiro.com.br"">ISTO√â DINHEIRO</a>.</p>
",https://istoedinheiro.com.br/galipolo-reforca-que-no-curto-prazo-pais-vai-conviver-com-ipca-acima-da-meta/,https://www.istoedinheiro.com.br/feed/,"Thu, 27 Mar 2025 17:23:00 +0000",infla√ß√£o,,,,
Gal√≠polo: momento √© de ingresso em n√≠vel de juro que √© ‚Äòcontracionista com alguma seguran√ßa‚Äô,"<p>O presidente do Banco Central, Gabriel Gal√≠polo, disse nesta quinta-feira, 27, que a c√∫pula da institui√ß√£o tem buscado entender se o atual n√≠vel da Selic, de 14,25% ao ano, √© contracionista o bastante para levar a infla√ß√£o para a meta. &#8220;A gente est√° ingressando num ambiente, num patamar de taxa de juros, que √© contracionista [&#8230;]</p>
<p>O post <a rel=""nofollow"" href=""https://istoedinheiro.com.br/galipolo-momento-e-de-ingresso-em-nivel-de-juro-que-e-contracionista-com-alguma-seguranca/"">Gal√≠polo: momento √© de ingresso em n√≠vel de juro que √© &#8216;contracionista com alguma seguran√ßa&#8217;</a> apareceu primeiro em <a rel=""nofollow"" href=""https://istoedinheiro.com.br"">ISTO√â DINHEIRO</a>.</p>
",https://istoedinheiro.com.br/galipolo-momento-e-de-ingresso-em-nivel-de-juro-que-e-contracionista-com-alguma-seguranca/,https://www.istoedinheiro.com.br/feed/,"Thu, 27 Mar 2025 17:10:00 +0000",infla√ß√£o,,,,
Argentina sob Milei quer novo empr√©stimo do FMI de US$ 20 bilh√µes,"<p>A Argentina busca novo empr√©stimo com o Fundo Monet√°rio Internacional (FMI) &#8211; no valor¬†de US$ 20 bilh√µes &#8211; para, segundo o governo de Javier Milei, refor√ßar as reservas do Banco Central (BC) do pa√≠s. Para cr√≠ticos, a medida busca evitar o crescimento da infla√ß√£o por falta de d√≥lares.¬†Ao longo da sua hist√≥ria, a Argentina j√° [&#8230;]</p>
<p>O post <a rel=""nofollow"" href=""https://istoedinheiro.com.br/argentina-sob-milei-quer-novo-emprestimo-do-fmi-de-us-20-bilhoes/"">Argentina sob Milei quer novo empr√©stimo do FMI de US$ 20 bilh√µes</a> apareceu primeiro em <a rel=""nofollow"" href=""https://istoedinheiro.com.br"">ISTO√â DINHEIRO</a>.</p>
",https://istoedinheiro.com.br/argentina-sob-milei-quer-novo-emprestimo-do-fmi-de-us-20-bilhoes/,https://www.istoedinheiro.com.br/feed/,"Thu, 27 Mar 2025 16:34:00 +0000",infla√ß√£o,,,,
"Gasolina, ovo, caf√© mo√≠do e passagem a√©rea pressionam IPCA-15, mostra IBGE","<p>O aumento de 1,83% na gasolina resultou na maior press√£o sobre o √çndice Nacional de Pre√ßos ao Consumidor Amplo 15 (IPCA-15) de mar√ßo. O subitem respondeu por uma contribui√ß√£o de 0,10 ponto porcentual para a taxa de 0,64% apurada pelo √≠ndice, informou o Instituto Brasileiro de Geografia e Estat√≠stica (IBGE). Tamb√©m figuraram no ranking de [&#8230;]</p>
<p>O post <a rel=""nofollow"" href=""https://istoedinheiro.com.br/gasolina-ovo-cafe-moido-e-passagem-aerea-pressionam-ipca-15-mostra-ibge/"">Gasolina, ovo, caf√© mo√≠do e passagem a√©rea pressionam IPCA-15, mostra IBGE</a> apareceu primeiro em <a rel=""nofollow"" href=""https://istoedinheiro.com.br"">ISTO√â DINHEIRO</a>.</p>
",https://istoedinheiro.com.br/gasolina-ovo-cafe-moido-e-passagem-aerea-pressionam-ipca-15-mostra-ibge/,https://www.istoedinheiro.com.br/feed/,"Thu, 27 Mar 2025 16:15:00 +0000",IPCA,,,,
Todos os 9 grupos pesquisados tiveram altas de pre√ßos no IPCA-15 de mar√ßo,"<p>Todos os nove grupos de produtos e servi√ßos que integram o √çndice Nacional de Pre√ßos ao Consumidor Amplo 15 (IPCA-15) registraram alta de pre√ßos em mar√ßo, informou o Instituto Brasileiro de Geografia e Estat√≠stica (IBGE). A divulga√ß√£o do indicador foi realizada na manh√£ desta quinta-feira, 27. Os aumentos foram em Alimenta√ß√£o e Bebidas (1,09%, impacto [&#8230;]</p>
<p>O post <a rel=""nofollow"" href=""https://istoedinheiro.com.br/todos-os-9-grupos-pesquisados-tiveram-altas-de-precos-no-ipca-15-de-marco/"">Todos os 9 grupos pesquisados tiveram altas de pre√ßos no IPCA-15 de mar√ßo</a> apareceu primeiro em <a rel=""nofollow"" href=""https://istoedinheiro.com.br"">ISTO√â DINHEIRO</a>.</p>
",https://istoedinheiro.com.br/todos-os-9-grupos-pesquisados-tiveram-altas-de-precos-no-ipca-15-de-marco/,https://www.istoedinheiro.com.br/feed/,"Thu, 27 Mar 2025 15:25:00 +0000",IPCA,,,,
BC diz no RPM que tarifas dos EUA podem aumentar ou diminuir o IPCA,"<p>O Banco Central afirmou nesta quinta-feira, 27, que as tarifas comerciais institu√≠das pelos Estados Unidos podem resultar em um efeito para cima ou para baixo na infla√ß√£o brasileira. Por um lado, se elas gerarem valoriza√ß√£o do d√≥lar ou redu√ß√£o do apetite por risco, devem aumentar o √çndice Nacional de Pre√ßos ao Consumidor Amplo (IPCA). Por [&#8230;]</p>
<p>O post <a rel=""nofollow"" href=""https://istoedinheiro.com.br/bc-diz-no-rpm-que-tarifas-dos-eua-podem-aumentar-ou-diminuir-o-ipca/"">BC diz no RPM que tarifas dos EUA podem aumentar ou diminuir o IPCA</a> apareceu primeiro em <a rel=""nofollow"" href=""https://istoedinheiro.com.br"">ISTO√â DINHEIRO</a>.</p>
",https://istoedinheiro.com.br/bc-diz-no-rpm-que-tarifas-dos-eua-podem-aumentar-ou-diminuir-o-ipca/,https://www.istoedinheiro.com.br/feed/,"Thu, 27 Mar 2025 15:11:00 +0000",infla√ß√£o,,,,
"BC da Noruega mant√©m juro b√°sico em 4,5%, ap√≥s infla√ß√£o acima do previsto","<p>O banco central da Noruega decidiu deixar seu juro b√°sico em 4,5%, ap√≥s concluir reuni√£o de pol√≠tica monet√°ria nesta quinta-feira, 27, recuando em proje√ß√£o anterior de que cortaria a taxa neste m√™s, ap√≥s dados de infla√ß√£o virem bem acima das expectativas. A decis√£o veio em linha com a previs√£o da maioria dos economistas consultados pelo [&#8230;]</p>
<p>O post <a rel=""nofollow"" href=""https://istoedinheiro.com.br/bc-da-noruega-mantem-juro-basico-em-45-apos-inflacao-acima-do-previsto/"">BC da Noruega mant√©m juro b√°sico em 4,5%, ap√≥s infla√ß√£o acima do previsto</a> apareceu primeiro em <a rel=""nofollow"" href=""https://istoedinheiro.com.br"">ISTO√â DINHEIRO</a>.</p>
",https://istoedinheiro.com.br/bc-da-noruega-mantem-juro-basico-em-45-apos-inflacao-acima-do-previsto/,https://www.istoedinheiro.com.br/feed/,"Thu, 27 Mar 2025 14:53:00 +0000",infla√ß√£o,,,,
"D√≥lar fecha com alta, a R$ 5,75, seguindo avan√ßos no exterior com tarifas dos EUA","<p><img width=""300"" height=""202"" src=""https://www.infomoney.com.br/wp-content/uploads/2024/12/2024-12-18T214506Z_1_LYNXMPEKBH0WP_RTROPTP_4_TURKEY-MONEY-COUNTERFEIT-DOLLARS.jpg?fit=300%2C202&amp;quality=70&amp;strip=all"" class=""attachment-medium size-medium wp-post-image"" alt="""" style=""float:right; margin:0 0 10px 10px;"" decoding=""async"" srcset=""https://www.infomoney.com.br/wp-content/uploads/2024/12/2024-12-18T214506Z_1_LYNXMPEKBH0WP_RTROPTP_4_TURKEY-MONEY-COUNTERFEIT-DOLLARS.jpg?w=3500&amp;quality=70&amp;strip=all 3500w, https://www.infomoney.com.br/wp-content/uploads/2024/12/2024-12-18T214506Z_1_LYNXMPEKBH0WP_RTROPTP_4_TURKEY-MONEY-COUNTERFEIT-DOLLARS.jpg?w=300&amp;quality=70&amp;strip=all 300w, https://www.infomoney.com.br/wp-content/uploads/2024/12/2024-12-18T214506Z_1_LYNXMPEKBH0WP_RTROPTP_4_TURKEY-MONEY-COUNTERFEIT-DOLLARS.jpg?w=768&amp;quality=70&amp;strip=all 768w, https://www.infomoney.com.br/wp-content/uploads/2024/12/2024-12-18T214506Z_1_LYNXMPEKBH0WP_RTROPTP_4_TURKEY-MONEY-COUNTERFEIT-DOLLARS.jpg?w=1280&amp;quality=70&amp;strip=all 1280w, https://www.infomoney.com.br/wp-content/uploads/2024/12/2024-12-18T214506Z_1_LYNXMPEKBH0WP_RTROPTP_4_TURKEY-MONEY-COUNTERFEIT-DOLLARS.jpg?w=1536&amp;quality=70&amp;strip=all 1536w, https://www.infomoney.com.br/wp-content/uploads/2024/12/2024-12-18T214506Z_1_LYNXMPEKBH0WP_RTROPTP_4_TURKEY-MONEY-COUNTERFEIT-DOLLARS.jpg?w=2048&amp;quality=70&amp;strip=all 2048w, https://www.infomoney.com.br/wp-content/uploads/2024/12/2024-12-18T214506Z_1_LYNXMPEKBH0WP_RTROPTP_4_TURKEY-MONEY-COUNTERFEIT-DOLLARS.jpg?w=201&amp;quality=70&amp;strip=all 201w, https://www.infomoney.com.br/wp-content/uploads/2024/12/2024-12-18T214506Z_1_LYNXMPEKBH0WP_RTROPTP_4_TURKEY-MONEY-COUNTERFEIT-DOLLARS.jpg?w=150&amp;quality=70&amp;strip=all 150w, https://www.infomoney.com.br/wp-content/uploads/2024/12/2024-12-18T214506Z_1_LYNXMPEKBH0WP_RTROPTP_4_TURKEY-MONEY-COUNTERFEIT-DOLLARS.jpg?w=3000&amp;quality=70&amp;strip=all 3000w"" sizes=""(max-width: 300px) 100vw, 300px"" data-attachment-id=""2708457"" data-permalink=""https://www.infomoney.com.br/mercados/bc-anuncia-leilao-a-vista-de-dolares-para-quinta-feira-com-oferta-de-ate-us-3-bi/attachment/notas-de-dolar-5/"" data-orig-file=""https://www.infomoney.com.br/wp-content/uploads/2024/12/2024-12-18T214506Z_1_LYNXMPEKBH0WP_RTROPTP_4_TURKEY-MONEY-COUNTERFEIT-DOLLARS.jpg?fit=3500%2C2354&amp;quality=70&amp;strip=all"" data-orig-size=""3500,2354"" data-comments-opened=""0"" data-image-meta=""{&quot;aperture&quot;:&quot;0&quot;,&quot;credit&quot;:&quot;REUTERS&quot;,&quot;camera&quot;:&quot;&quot;,&quot;caption&quot;:&quot;Notas de d\u00f3lar\n15\/04\/2015\nREUTERS\/Murad Sezer&quot;,&quot;created_timestamp&quot;:&quot;1734558306&quot;,&quot;copyright&quot;:&quot;&quot;,&quot;focal_length&quot;:&quot;0&quot;,&quot;iso&quot;:&quot;0&quot;,&quot;shutter_speed&quot;:&quot;0&quot;,&quot;title&quot;:&quot;Notas de d\u00f3lar&quot;,&quot;orientation&quot;:&quot;0&quot;}"" data-image-title=""Notas de d√≥lar"" data-image-description="""" data-image-caption=""&lt;p&gt;Notas de d√≥lar (Foto: Murad Sezer/Reuters)&lt;/p&gt;
"" data-medium-file=""https://www.infomoney.com.br/wp-content/uploads/2024/12/2024-12-18T214506Z_1_LYNXMPEKBH0WP_RTROPTP_4_TURKEY-MONEY-COUNTERFEIT-DOLLARS.jpg?fit=300%2C202&amp;quality=70&amp;strip=all"" data-large-file=""https://www.infomoney.com.br/wp-content/uploads/2024/12/2024-12-18T214506Z_1_LYNXMPEKBH0WP_RTROPTP_4_TURKEY-MONEY-COUNTERFEIT-DOLLARS.jpg?fit=1280%2C861&amp;quality=70&amp;strip=all"" /> √çndice Nacional de Pre√ßos ao Consumidor Amplo-15 (IPCA-15), considerado a pr√©via da infla√ß√£o oficial, subiu 0,64% em mar√ßo</p>
<p>The post <a href=""https://www.infomoney.com.br/mercados/dolar-hoje-abertura-fechamento-comercial-turismo-27032025/"">D√≥lar fecha com alta, a R$ 5,75, seguindo avan√ßos no exterior com tarifas dos EUA</a> appeared first on <a href=""https://www.infomoney.com.br"">InfoMoney</a>.</p>
",https://www.infomoney.com.br/mercados/dolar-hoje-abertura-fechamento-comercial-turismo-27032025/,https://www.infomoney.com.br/feed/,"Thu, 27 Mar 2025 20:15:11 +0000",infla√ß√£o,,,,
Taxas dos DIs cedem ap√≥s IPCA-15 abaixo da expectativa disparar redu√ß√£o de pr√™mios,"<p><img width=""300"" height=""172"" src=""https://www.infomoney.com.br/wp-content/uploads/2024/06/2024-05-15T141853Z_1_LYNXMPEK4E0OE_RTROPTP_4_MACRO-PRISMA.jpg?fit=300%2C172&amp;quality=70&amp;strip=all"" class=""attachment-medium size-medium wp-post-image"" alt="""" style=""float:right; margin:0 0 10px 10px;"" decoding=""async"" srcset=""https://www.infomoney.com.br/wp-content/uploads/2024/06/2024-05-15T141853Z_1_LYNXMPEK4E0OE_RTROPTP_4_MACRO-PRISMA.jpg?w=4458&amp;quality=70&amp;strip=all 4458w, https://www.infomoney.com.br/wp-content/uploads/2024/06/2024-05-15T141853Z_1_LYNXMPEK4E0OE_RTROPTP_4_MACRO-PRISMA.jpg?w=300&amp;quality=70&amp;strip=all 300w, https://www.infomoney.com.br/wp-content/uploads/2024/06/2024-05-15T141853Z_1_LYNXMPEK4E0OE_RTROPTP_4_MACRO-PRISMA.jpg?w=768&amp;quality=70&amp;strip=all 768w, https://www.infomoney.com.br/wp-content/uploads/2024/06/2024-05-15T141853Z_1_LYNXMPEK4E0OE_RTROPTP_4_MACRO-PRISMA.jpg?w=1280&amp;quality=70&amp;strip=all 1280w, https://www.infomoney.com.br/wp-content/uploads/2024/06/2024-05-15T141853Z_1_LYNXMPEK4E0OE_RTROPTP_4_MACRO-PRISMA.jpg?w=1536&amp;quality=70&amp;strip=all 1536w, https://www.infomoney.com.br/wp-content/uploads/2024/06/2024-05-15T141853Z_1_LYNXMPEK4E0OE_RTROPTP_4_MACRO-PRISMA.jpg?w=2048&amp;quality=70&amp;strip=all 2048w, https://www.infomoney.com.br/wp-content/uploads/2024/06/2024-05-15T141853Z_1_LYNXMPEK4E0OE_RTROPTP_4_MACRO-PRISMA.jpg?w=150&amp;quality=70&amp;strip=all 150w, https://www.infomoney.com.br/wp-content/uploads/2024/06/2024-05-15T141853Z_1_LYNXMPEK4E0OE_RTROPTP_4_MACRO-PRISMA.jpg?w=3000&amp;quality=70&amp;strip=all 3000w"" sizes=""(max-width: 300px) 100vw, 300px"" data-attachment-id=""2484169"" data-permalink=""https://www.infomoney.com.br/economia/pib-do-brasil-cresce-08-no-1o-trimestre-de-2023-dentro-do-previsto/attachment/2024-05-15t141853z_1_lynxmpek4e0oe_rtroptp_4_macro-prisma/"" data-orig-file=""https://www.infomoney.com.br/wp-content/uploads/2024/06/2024-05-15T141853Z_1_LYNXMPEK4E0OE_RTROPTP_4_MACRO-PRISMA.jpg?fit=4458%2C2550&amp;quality=70&amp;strip=all"" data-orig-size=""4458,2550"" data-comments-opened=""0"" data-image-meta=""{&quot;aperture&quot;:&quot;0&quot;,&quot;credit&quot;:&quot;&quot;,&quot;camera&quot;:&quot;&quot;,&quot;caption&quot;:&quot;&quot;,&quot;created_timestamp&quot;:&quot;0&quot;,&quot;copyright&quot;:&quot;&quot;,&quot;focal_length&quot;:&quot;0&quot;,&quot;iso&quot;:&quot;0&quot;,&quot;shutter_speed&quot;:&quot;0&quot;,&quot;title&quot;:&quot;&quot;,&quot;orientation&quot;:&quot;0&quot;}"" data-image-title=""2024-05-15T141853Z_1_LYNXMPEK4E0OE_RTROPTP_4_MACRO-PRISMA"" data-image-description=""&lt;p&gt;Moedas de real em ilustra√ß√£o 15/10/2010 REUTERS/Bruno Domingos&lt;/p&gt;
"" data-image-caption=""&lt;p&gt;Moedas de real em ilustra√ß√£o (Foto: Bruno Domingos/Reuters)&lt;/p&gt;
"" data-medium-file=""https://www.infomoney.com.br/wp-content/uploads/2024/06/2024-05-15T141853Z_1_LYNXMPEK4E0OE_RTROPTP_4_MACRO-PRISMA.jpg?fit=300%2C172&amp;quality=70&amp;strip=all"" data-large-file=""https://www.infomoney.com.br/wp-content/uploads/2024/06/2024-05-15T141853Z_1_LYNXMPEK4E0OE_RTROPTP_4_MACRO-PRISMA.jpg?fit=1280%2C732&amp;quality=70&amp;strip=all"" />Entre os contratos mais longos, a taxa para janeiro de 2031 estava em 14,93%, ante 14,968% do ajuste anterior</p>
<p>The post <a href=""https://www.infomoney.com.br/mercados/taxas-dos-dis-cedem-apos-ipca-15-abaixo-da-expectativa-disparar-reducao-de-premios/"">Taxas dos DIs cedem ap√≥s IPCA-15 abaixo da expectativa disparar redu√ß√£o de pr√™mios</a> appeared first on <a href=""https://www.infomoney.com.br"">InfoMoney</a>.</p>
",https://www.infomoney.com.br/mercados/taxas-dos-dis-cedem-apos-ipca-15-abaixo-da-expectativa-disparar-reducao-de-premios/,https://www.infomoney.com.br/feed/,"Thu, 27 Mar 2025 20:11:21 +0000",IPCA,,,,
Veja como usar a t√©cnica COG para definir os cachos,"<p>M√©todo utiliza creme para pentear, √≥leo e gelatina nos cabelos cacheados</p>
",https://jovempan.com.br/edicase/veja-como-usar-a-tecnica-cog-para-definir-os-cachos.html,https://www.jovempan.com.br/feed,"Thu, 27 Mar 2025 20:00:00 +0000",Gelatina,,,,
Governo de Javier Milei quer novo empr√©stimo do FMI de US$ 20 bilh√µes,"Luis Caputo, ministro da Economia negocia com Banco Mundial, BID e CAF; segundo analistas, um dos objetivos √© evitar o crescimento da infla√ß√£o",https://jovempan.com.br/noticias/mundo/governo-de-javier-milei-quer-novo-emprestimo-do-fmi-de-us-20-bilhoes.html,https://www.jovempan.com.br/feed,"Thu, 27 Mar 2025 19:23:11 +0000",infla√ß√£o,,,,
Banco Central diz que tarifas dos EUA influenciam a infla√ß√£o no Brasil,Entidade tamb√©m afirmou que uma grave desacelera√ß√£o da economia americana e global pode resultar na diminui√ß√£o da precifica√ß√£o para os juros do Federal Reserve e baixar os pre√ßos de commodities,https://jovempan.com.br/noticias/brasil/banco-central-diz-que-tarifas-dos-eua-influenciam-a-inflacao-no-brasil.html,https://www.jovempan.com.br/feed,"Thu, 27 Mar 2025 18:34:17 +0000",infla√ß√£o,,,,
"Pr√©via da infla√ß√£o desacelera em mar√ßo, mas pre√ßo do ovo dispara e preocupa consumidores","O IPCA-15 desacelerou para 0,64% em mar√ßo ap√≥s registrar 1,23% em fevereiro, segundo dados do IBGE; no entanto, houve press√£o dos alimentos, que tiveram alta de 1,09%",https://jovempan.com.br/noticias/economia/previa-da-inflacao-desacelera-em-marco-mas-preco-do-ovo-dispara-e-preocupa-consumidores.html,https://www.jovempan.com.br/feed,"Thu, 27 Mar 2025 15:09:57 +0000",infla√ß√£o,,,,
Banco Central eleva proje√ß√£o de infla√ß√£o e risco de estouro da meta em 2025,"Autarquia estima que o IPCA feche 2025 em 5,1% e atinja 3,9% no terceiro trimestre de 2026, per√≠odo considerado o horizonte relevante da pol√≠tica monet√°ria",https://jovempan.com.br/noticias/economia/banco-central-eleva-projecao-de-inflacao-e-risco-de-estouro-da-meta-em-2025.html,https://www.jovempan.com.br/feed,"Thu, 27 Mar 2025 14:49:17 +0000",infla√ß√£o,,,,
"Ovo, tomate e caf√© pressionam IPCA-15, que sobe 0,64% em mar√ßo",Alimentos e transportes foram respons√°veis pela alta da pr√©via da infla√ß√£o do m√™s,https://economia.ig.com.br/2025-03-27/ipca-15-previa-inflacao.html,https://economia.ig.com.br/rss.xml,"Thu, 27 Mar 2025 12:33:49 +0000",infla√ß√£o,,,,
Concurso p√∫blico: Brigada Militar RS solta edital com 1.200 vagas,"Al√©m do sal√°rio-base, os soldados ter√£o direito a gratifica√ß√µes e ao vale-alimenta√ß√£o no valor de R$ 400.",https://economia.ig.com.br/carreiras/2025-03-21/edital-brigada-militar-rs-e-publicado-com-1200-vagas.html,https://economia.ig.com.br/rss.xml,"Fri, 21 Mar 2025 13:57:27 +0000",alimenta√ß√£o,,,,
